ticker,exchange,sector,market_cap
NVDA,NASDAQ,Technology,4420585530000
GOOGL,NASDAQ,Technology,3835958700000
GOOG,NASDAQ,Technology,3804143590000
AAPL,NASDAQ,Technology,3789349045400
MSFT,NASDAQ,Technology,2815353007875
AMZN,NASDAQ,Consumer Discretionary,2376228409179
TSM,NYSE,Technology,1891663226192
AVGO,NASDAQ,Technology,1640562525756
META,NASDAQ,Technology,1509613405361
TSLA,NASDAQ,Industrials,1305669590886
WMT,NASDAQ,Consumer Discretionary,990730458799
LLY,NYSE,Health Care,895642475472
JPM,NYSE,Finance,825399446432
XOM,NYSE,Energy,640660714716
AZN,NYSE,Health Care,638495869302
V,NYSE,Real Estate,593273121510
JNJ,NYSE,Health Care,570407782524
ASML,NASDAQ,Technology,542964843922
MU,NASDAQ,Technology,460713191855
MA,NYSE,Real Estate,453838826006
COST,NASDAQ,Consumer Discretionary,450569083099
NFLX,NASDAQ,Consumer Discretionary,418732931226
ORCL,NYSE,Technology,418105187250
CVX,NYSE,Energy,379941360481
AMD,NASDAQ,Technology,374961615782
BAC,NYSE,Finance,370183464122
ABBV,NYSE,Health Care,369025738525
CAT,NYSE,Industrials,355612128538
PLTR,NASDAQ,Technology,353293556739
HD,NYSE,Consumer Discretionary,336104069202
PG,NYSE,Consumer Discretionary,335187365197
KO,NYSE,Consumer Staples,328751196745
CSCO,NASDAQ,Telecommunications,324937951100
GE,NYSE,Technology,321133602323
HSBC,NYSE,Finance,311455799621
LRCX,NASDAQ,Technology,308334047610
AMAT,NASDAQ,Technology,306420705747
MRK,NYSE,Health Care,297280414441
NVS,NYSE,Health Care,293053934861
BABA,NYSE,Real Estate,291431068357
INTC,NASDAQ,Technology,287088076569
TM,NYSE,Industrials,280982604737
MS,NYSE,Finance,279462677770
UNH,NYSE,Health Care,279187472939
RTX,NYSE,Industrials,272438641870
GS,NYSE,Finance,266845620054
SHEL,NYSE,Energy,263650161585
WFC,NYSE,Finance,262133127721
GEV,NYSE,Unknown,254356789864
PM,NYSE,Health Care,245114766509
RY,NYSE,Finance,235384248298
CCZ,NYSE,Telecommunications,233859989610
IBM,NYSE,Technology,230662659944
LIN,NASDAQ,Basic Materials,227521896654
TMUS,NASDAQ,Telecommunications,221132833090
AXP,NYSE,Finance,219179824651
MUFG,NYSE,Finance,219137282138
KLAC,NASDAQ,Technology,218283191064
MCD,NYSE,Consumer Discretionary,217026785131
C,NYSE,Finance,215297790523
SAP,NYSE,Technology,215061950854
PEP,NASDAQ,Consumer Staples,209046281777
VZ,NYSE,Telecommunications,199369930621
BHP,NYSE,Energy,195487368144
NEE,NYSE,Technology,194277240486
TTE,NYSE,Energy,193171134817
T,NYSE,Telecommunications,190057484051
TXN,NASDAQ,Technology,189080481818
TMO,NYSE,Industrials,187075750436
AMGN,NASDAQ,Health Care,186206103968
SAN,NYSE,Finance,180566601579
ANET,NYSE,Telecommunications,180451408681
ABT,NYSE,Health Care,178903040321
TJX,NYSE,Consumer Discretionary,177299998664
DIS,NYSE,Consumer Discretionary,174423844529
GILD,NASDAQ,Health Care,173482311685
BA,NYSE,Industrials,171683369266
ADI,NASDAQ,Technology,169267704294
CRM,NYSE,Technology,169010530000
NVO,NYSE,Health Care,168754675000
SCHW,NYSE,Finance,167239928213
ISRG,NASDAQ,Health Care,167106533020
TD,NYSE,Finance,165147385034
APH,NYSE,Technology,163596215034
DE,NYSE,Industrials,162485736560
SHOP,NASDAQ,Technology,162322742597
BLK,NYSE,Finance,157897212563
ARM,NASDAQ,Technology,156559219052
TBB,NYSE,Telecommunications,155234868771
PFE,NYSE,Health Care,154239776438
SCCO,NYSE,Basic Materials,153565445813
COP,NYSE,Energy,151044441714
UBER,NYSE,Real Estate,150238069770
ETN,NYSE,Technology,149566408643
UNP,NYSE,Industrials,148796560721
PDD,NASDAQ,Technology,147969750734
HON,NASDAQ,Industrials,145836719323
BKNG,NASDAQ,Consumer Discretionary,145103516363
LMT,NYSE,Industrials,143864824851
PANW,NASDAQ,Technology,143718000000
WELL,NYSE,Real Estate,141525145660
SMFG,NYSE,Finance,139840036481
APP,NASDAQ,Technology,139628032830
HDB,NYSE,Finance,139440632183
DHR,NYSE,Industrials,138794010054
LOW,NYSE,Consumer Discretionary,137265945814
GLW,NYSE,Industrials,137027182229
QCOM,NASDAQ,Technology,135967810000
BBVA,NYSE,Finance,135188378816
BUD,NYSE,Consumer Staples,133963287553
SPGI,NYSE,Finance,132640580651
ACN,NYSE,Real Estate,131884363691
UL,NYSE,Consumer Discretionary,129704663088
SONY,NYSE,Consumer Staples,129627924377
SYK,NYSE,Health Care,129373995585
UBS,NYSE,Finance,128367350410
BTI,NYSE,Health Care,128347036478
PLD,NYSE,Real Estate,128330874858
NEM,NYSE,Basic Materials,128166463868
CB,NYSE,Finance,127472214613
RIO,NYSE,Basic Materials,123755198643
PBR,NYSE,Energy,123667390851
PH,NYSE,Industrials,121968711717
DELL,NYSE,Technology,120535405864
COF,NYSE,Finance,120513466826
BMY,NYSE,Health Care,119890705918
BP,NYSE,Energy,117079373572
ENB,NYSE,Energy,117071459460
GSK,NYSE,Health Care,116226121452
PGR,NYSE,Finance,116214525118
SNDK,NASDAQ,Technology,116023220050
WDC,NASDAQ,Technology,114752470270
SNY,NASDAQ,Health Care,114406650147
HCA,NYSE,Health Care,112810664554
MDT,NYSE,Health Care,112275740102
VRTX,NASDAQ,Health Care,111294385602
INTU,NASDAQ,Technology,111289251000
MFG,NYSE,Finance,110879357549
CRWD,NASDAQ,Technology,110537701127
SBUX,NASDAQ,Consumer Discretionary,110007146638
CME,NASDAQ,Finance,109985269755
AEM,NYSE,Basic Materials,109140554515
MO,NYSE,Health Care,108652094796
STX,NASDAQ,Technology,108264554843
SO,NYSE,Utilities,108070472839
VRT,NYSE,Technology,106825317133
MCK,NYSE,Health Care,106692086112
NOW,NYSE,Technology,105693049122
SPOT,NYSE,Consumer Discretionary,102239074486
DUK,NYSE,Utilities,101279790070
HWM,NYSE,Industrials,100631195569
ITUB,NYSE,Finance,100288250550
CVS,NYSE,Consumer Staples,100234280359
MRVL,NASDAQ,Technology,100169191965
EQIX,NASDAQ,Real Estate,100010133227
CMCSA,NASDAQ,Telecommunications,99858215563
BMO,NYSE,Finance,99534691716
TT,NYSE,Industrials,99510271158
ADBE,NASDAQ,Technology,98687451000
IBN,NYSE,Finance,98274217929
NOC,NYSE,Industrials,97289163086
CNQ,NYSE,Energy,95766974520
BN,NYSE,Real Estate,95570144856
EQNR,NYSE,Energy,95137812963
GD,NYSE,Industrials,94430409786
ICE,NYSE,Finance,94055827864
FCX,NYSE,Basic Materials,93712730719
BSX,NYSE,Health Care,93331800488
CM,NYSE,Finance,92522900784
WM,NYSE,Utilities,92496854261
MAR,NASDAQ,Consumer Discretionary,92385759939
MELI,NASDAQ,Real Estate,91145421687
CEG,NASDAQ,Utilities,89283860934
PNC,NYSE,Finance,89092535763
NGG,NYSE,Utilities,88623114736
FDX,NYSE,Consumer Discretionary,88054840717
BK,NYSE,Finance,87597530269
WMB,NYSE,Utilities,87585261637
BNS,NYSE,Finance,87543305846
BX,NYSE,Finance,87480843470
USB,NYSE,Finance,85997062475
PWR,NYSE,Industrials,85742405604
E,NYSE,Energy,85434830183
JCI,NYSE,Industrials,85405222672
UPS,NYSE,Industrials,84997060696
MRSH,NYSE,Finance,84348552521
KKR,NYSE,Finance,84064333795
LYG,NYSE,Finance,83368203266
RACE,NYSE,Industrials,83127511266
SHW,NYSE,Consumer Discretionary,82920806297
ING,NYSE,Finance,82806547239
BCS,NYSE,Finance,82584804720
ADP,NASDAQ,Industrials,81978392510
CMI,NYSE,Industrials,81663127697
AMT,NYSE,Real Estate,81508913322
EMR,NYSE,Technology,81071310000
EPD,NYSE,Utilities,81033599202
ABNB,NASDAQ,Consumer Discretionary,81013740670
REGN,NASDAQ,Health Care,80605008887
MCO,NYSE,Finance,80543193360
AMX,NYSE,Telecommunications,80389390000
RCL,NYSE,Consumer Discretionary,79698990705
CDNS,NASDAQ,Technology,79601484585
SNPS,NASDAQ,Technology,78285653574
SLB,NYSE,Energy,77735021996
MMM,NYSE,Health Care,77680311669
CSX,NASDAQ,Industrials,77611243670
ORLY,NASDAQ,Consumer Discretionary,77411435149
ITW,NYSE,Industrials,77308632475
CRH,NYSE,Industrials,76224374516
SU,NYSE,Energy,75891085951
ECL,NYSE,Consumer Discretionary,75880205867
NET,NYSE,Technology,75478655103
MSI,NYSE,Technology,74307141424
MDLZ,NASDAQ,Consumer Staples,74164539053
CVNA,NYSE,Consumer Discretionary,73986782083
ELVR,NASDAQ,Industrials,73784748096
BAM,NYSE,Consumer Discretionary,73603822514
EOG,NYSE,Energy,73510923997
MNST,NASDAQ,Consumer Staples,73450521312
CP,NYSE,Industrials,73161657506
AEP,NASDAQ,Utilities,72522239502
HLT,NYSE,Consumer Discretionary,72384169956
CI,NYSE,Health Care,72114513001
NTES,NASDAQ,Technology,72088548196
KMI,NYSE,Utilities,71972891027
NSC,NYSE,Industrials,71951797347
B,NYSE,Basic Materials,71487628055
ROST,NASDAQ,Consumer Discretionary,71369794413
VLO,NYSE,Energy,71360241268
VALE,NYSE,Basic Materials,71300889695
NU,NYSE,Finance,70786095422
AON,NYSE,Finance,70692199683
DASH,NASDAQ,Technology,70364036233
CTAS,NASDAQ,Industrials,70259611078
ELV,NYSE,Health Care,69539313594
GM,NYSE,Industrials,69352413682
CIEN,NYSE,Utilities,68842652153
TDG,NYSE,Industrials,68840143826
MPC,NYSE,Energy,68789854606
WBD,NASDAQ,Consumer Discretionary,68235260605
CL,NYSE,Consumer Discretionary,67961136426
NWG,NYSE,Finance,67914641064
LHX,NYSE,Industrials,67009439831
PSX,NYSE,Energy,66988151652
RSG,NYSE,Utilities,66950806806
HOOD,NASDAQ,Finance,66586808524
CNI,NYSE,Industrials,66324748100
TEL,NYSE,Technology,65696999382
TRP,NYSE,Utilities,65493962250
PCAR,NASDAQ,Consumer Discretionary,65040839844
ET,NYSE,Utilities,64774930881
TRV,NYSE,Finance,64594586085
NKE,NYSE,Consumer Discretionary,64500034722
WPM,NYSE,Basic Materials,64096397361
APD,NYSE,Basic Materials,63719696369
DLR,NYSE,Real Estate,63390177109
APO,NYSE,Finance,63256673644
SRE,NYSE,Utilities,63255658072
SPG,NYSE,Real Estate,63166729768
COR,NYSE,Health Care,62879124996
RELX,NYSE,Real Estate,62763065603
FTNT,NASDAQ,Technology,62641930537
LITE,NASDAQ,Telecommunications,62392176000
MPWR,NASDAQ,Technology,62257065000
IMO,AMEX,Energy,62112684920
BKR,NASDAQ,Consumer Discretionary,61865823306
TFC,NYSE,Finance,61516853407
DB,NYSE,Finance,61339119665
MFC,NYSE,Finance,60698098157
INFY,NYSE,Technology,58906744793
TAK,NYSE,Health Care,58775814278
MDLN,NASDAQ,Health Care,58695821648
SOMN,NYSE,Basic Materials,58266435763
O,NYSE,Real Estate,58119648017
AFL,NYSE,Finance,57830796777
OXY,NYSE,Energy,57557988305
AZO,NYSE,Consumer Discretionary,57162372553
AJG,NYSE,Finance,56984194353
MPLX,NYSE,Energy,56059583489
LNG,NYSE,Utilities,55842497898
CTVA,NYSE,Consumer Staples,55776298186
TGT,NYSE,Consumer Discretionary,55180453520
ALL,NYSE,Finance,54839923415
TER,NASDAQ,Industrials,54709692115
D,NYSE,Utilities,54667210574
AU,NYSE,Basic Materials,54612544060
KEYS,NYSE,Industrials,54531790823
FAST,NASDAQ,Consumer Discretionary,54362119108
OKE,NYSE,Utilities,53949522333
NOK,NYSE,Technology,53861634125
GWW,NYSE,Industrials,53853003533
FIX,NYSE,Industrials,53703029118
VST,NYSE,Utilities,53514486586
SNOW,NYSE,Technology,53287926500
UI,NYSE,Technology,53167517529
ASX,NYSE,Technology,53089267177
VIV,NYSE,Telecommunications,52951197253
ETR,NYSE,Utilities,52264580936
AME,NYSE,Industrials,52231499121
FANG,NASDAQ,Energy,52055287620
NXPI,NASDAQ,Technology,51913218077
SE,NYSE,Consumer Discretionary,51866866418
FNV,NYSE,Basic Materials,51729817051
COHR,NYSE,Technology,51686871778
TRGP,NYSE,Utilities,51424665388
ADSK,NASDAQ,Technology,51378500000
EA,NASDAQ,Consumer Discretionary,51060516332
CAH,NYSE,Health Care,50745898850
CCJ,NYSE,Basic Materials,50739591937
HBANL,NASDAQ,Finance,50612237953
ZTS,NYSE,Health Care,50345061214
FER,NASDAQ,Industrials,50318875175
PSA,NYSE,Real Estate,50289316564
NDAQ,NASDAQ,Finance,50250436870
XEL,NASDAQ,Utilities,50147218229
EXC,NASDAQ,Utilities,49792815804
ABEV,NYSE,Consumer Staples,49097504725
FERG,NYSE,Miscellaneous,49023371420
CARR,NYSE,Industrials,48817461928
F,NYSE,Industrials,48473929124
CVE,NYSE,Energy,48325381630
GRMN,NYSE,Industrials,48201049449
ARGX,NASDAQ,Health Care,48077016189
MET,NYSE,Finance,48036808382
IDXX,NASDAQ,Health Care,47760267547
COIN,NASDAQ,Finance,47755353562
URI,NYSE,Consumer Discretionary,47677888580
EW,NYSE,Health Care,47489739252
BSBR,NYSE,Finance,47292684169
CRWV,NASDAQ,Technology,46962349362
PCG,NYSE,Utilities,46430099321
DAL,NYSE,Consumer Discretionary,46222060205
MT,NYSE,Industrials,45888275628
WAB,NYSE,Industrials,45534596467
BDX,NYSE,Health Care,45074628365
MSTR,NASDAQ,Technology,44892712170
FITB,NASDAQ,Finance,44689558626
HBANM,NASDAQ,Finance,44612920554
HLN,NYSE,Consumer Discretionary,44554623629
CMG,NYSE,Consumer Discretionary,44523330255
GFI,NYSE,Basic Materials,44420053379
BRKRP,NASDAQ,Industrials,44326245600
CCEP,NASDAQ,Consumer Staples,44013596879
YUM,NYSE,Consumer Discretionary,43991640975
ROK,NYSE,Industrials,43829696332
ALNY,NASDAQ,Health Care,43620919477
WDS,NYSE,Energy,43544698775
DDOG,NASDAQ,Technology,43463558741
EBAY,NASDAQ,Real Estate,43456000000
BE,NYSE,Energy,43279345986
RKT,NYSE,Finance,43213670653
DEO,NYSE,Consumer Staples,43131177706
ODFL,NASDAQ,Industrials,42912750696
KR,NYSE,Consumer Staples,42904795794
ESLT,NASDAQ,Industrials,42825425506
HBANZ,NASDAQ,Finance,42473944911
JD,NASDAQ,Consumer Discretionary,42457998029
PYPL,NASDAQ,Industrials,42415015450
DHI,NYSE,Consumer Discretionary,42224269821
CBRE,NYSE,Finance,42197610675
HSY,NYSE,Consumer Staples,41917502328
WCN,NYSE,Utilities,41844607106
BBD,NYSE,Finance,41461887150
AIG,NYSE,Finance,41420082669
HEI,NYSE,Industrials,41229082088
RBLX,NYSE,Technology,41218343694
NUE,NYSE,Industrials,41172327079
AMP,NYSE,Finance,41088768334
PEG,NYSE,Utilities,41011382799
MSCI,NYSE,Real Estate,40941465744
CCL,NYSE,Consumer Discretionary,40819833044
CUK,NYSE,Consumer Discretionary,40698451697
ED,NYSE,Utilities,40522931358
RKLB,NASDAQ,Industrials,40467171336
FMX,NYSE,Consumer Staples,40443550293
KB,NYSE,Finance,39990220962
ERIC,NASDAQ,Technology,39984231577
KGC,NYSE,Basic Materials,39738801385
VTR,NYSE,Real Estate,39682156419
TRI,NASDAQ,Consumer Discretionary,39185584353
PUK,NYSE,Finance,39184589482
ALC,NYSE,Health Care,39056552000
BIDU,NASDAQ,Technology,38992954721
PPLC,NYSE,Utilities,38826762307
LYV,NYSE,Consumer Discretionary,38559171631
XYZ,NYSE,Technology,38414035520
MCHP,NASDAQ,Technology,38361092618
TKO,NYSE,Consumer Discretionary,38153318263
VMC,NYSE,Industrials,38055838617
HIG,NYSE,Finance,37862226945
WEC,NYSE,Utilities,37735556583
STT,NYSE,Finance,37639457613
TTWO,NASDAQ,Consumer Discretionary,37583210550
MLM,NYSE,Industrials,37556914165
EQT,NYSE,Energy,37323373763
ROP,NASDAQ,Technology,37216530874
VOD,NASDAQ,Telecommunications,37206131943
CPNG,NYSE,Consumer Discretionary,36975174220
LVS,NYSE,Consumer Discretionary,36950261988
CCI,NYSE,Real Estate,36916677472
ASTS,NASDAQ,Consumer Discretionary,36768965695
IX,NYSE,Finance,36575162574
BBDO,NYSE,Finance,36437806436
SLF,NYSE,Finance,36224141901
SATS,NASDAQ,Consumer Discretionary,36019930859
SYY,NYSE,Consumer Discretionary,35618072366
HMC,NYSE,Industrials,35518227386
NTR,NYSE,Industrials,35515863834
CLS,NYSE,Technology,35426194532
TEVA,NYSE,Health Care,35211552919
EME,NYSE,Industrials,34980775919
ARES,NYSE,Finance,34976815993
KDP,NASDAQ,Consumer Staples,34917717716
ACGL,NASDAQ,Finance,34914738418
QSR,NYSE,Consumer Discretionary,34900659821
VIK,NYSE,Consumer Discretionary,34862697180
HBANP,NASDAQ,Finance,34794003793
ONC,NASDAQ,Health Care,34614235344
STRC,NASDAQ,Technology,34561167672
VG,NYSE,Utilities,34446477979
AXIA,NYSE,Utilities,34399416701
RYAAY,NASDAQ,Consumer Discretionary,34373591097
INSM,NASDAQ,Health Care,34294589433
TCOM,NASDAQ,Real Estate,34198722035
NRG,NYSE,Utilities,34124152698
PRU,NYSE,Finance,34100145642
RMD,NYSE,Health Care,33991141305
MCHPP,NASDAQ,Technology,33688387938
GEHC,NASDAQ,Health Care,33669649652
STRF,NASDAQ,Technology,33653982380
STM,NYSE,Technology,33595436146
SHG,NYSE,Finance,33438838487
ADM,NYSE,Consumer Staples,33438700989
BAP,NYSE,Finance,33432104328
HBAN,NASDAQ,Finance,33418948022
HPE,NYSE,Technology,33416820231
SYM,NASDAQ,Industrials,33366338995
A,NYSE,Industrials,33128056610
CHT,NYSE,Telecommunications,33054479750
IR,NYSE,Industrials,32966402735
KVUE,NYSE,Consumer Discretionary,32919873646
WDAY,NASDAQ,Technology,32887005000
PAYX,NASDAQ,Industrials,32871396877
MTB,NYSE,Finance,32731630358
CPRT,NASDAQ,Consumer Discretionary,32343079127
UAL,NASDAQ,Consumer Discretionary,32221755493
AXON,NASDAQ,Industrials,32177561465
IBKR,NASDAQ,Finance,32149000733
IRM,NYSE,Real Estate,32010208103
AMRZ,NYSE,Industrials,31873192468
KMB,NASDAQ,Consumer Discretionary,31728783972
CHTR,NASDAQ,Telecommunications,31575954234
WAT,NYSE,Industrials,31390636683
HAL,NYSE,Energy,31264119403
TPL,NYSE,Energy,31093330270
TS,NYSE,Industrials,31061053097
ATO,NYSE,Utilities,31026419933
XYL,NYSE,Industrials,30983509239
OTIS,NYSE,Technology,30926624700
AEE,NYSE,Utilities,30774904082
DTE,NYSE,Utilities,30749676114
TPR,NYSE,Consumer Discretionary,30580965606
FISV,NASDAQ,Real Estate,30572821435
TDY,NYSE,Industrials,30370727379
CQP,NYSE,Utilities,30350193512
NTRA,NASDAQ,Health Care,30307810500
JBL,NYSE,Technology,30220837439
VICI,NYSE,Real Estate,29851517797
EXPE,NASDAQ,Consumer Discretionary,29668143451
IQV,NYSE,Health Care,29666647667
TW,NASDAQ,Finance,29645715776
CTSH,NASDAQ,Technology,29603484348
FE,NYSE,Utilities,29457843245
DVN,NYSE,Energy,29363054128
NBIS,NASDAQ,Technology,29273099683
PPL,NYSE,Utilities,29172723287
DOV,NYSE,Industrials,29130186827
RJF,NYSE,Finance,29074869778
EXR,NYSE,Real Estate,29072367085
FTS,NYSE,Utilities,29005306725
EC,NYSE,Energy,28668615380
FTI,NYSE,Consumer Discretionary,28498662740
VEEV,NYSE,Technology,28338733530
BTSGU,NASDAQ,Health Care,28302828944
RDDT,NYSE,Technology,28195926539
CNP,NYSE,Utilities,28184466281
EIX,NYSE,Utilities,28094285363
NTRS,NASDAQ,Finance,28086312182
AGNCN,NASDAQ,Real Estate,27749314435
HUBB,NYSE,Technology,27741745458
MTZ,NYSE,Industrials,27735477487
SUNB,NYSE,Consumer Discretionary,27542298872
RPRX,NASDAQ,Health Care,27487224280
CASY,NASDAQ,Consumer Discretionary,27455385026
WTW,NASDAQ,Finance,27439479259
AGNCO,NASDAQ,Real Estate,27430986376
TECK,NYSE,Industrials,27429084765
AGNCZ,NASDAQ,Unknown,27408810962
CFG,NYSE,Finance,27156455682
DG,NYSE,Consumer Discretionary,27105455466
FTAI,NASDAQ,Industrials,27088065441
KHC,NASDAQ,Consumer Staples,27076882235
Q,NYSE,Technology,27075372216
FLEX,NASDAQ,Technology,26995538685
CW,NYSE,Technology,26910125591
STLD,NASDAQ,Industrials,26814857459
PHG,NYSE,Health Care,26769270603
MTD,NYSE,Industrials,26735721032
ON,NASDAQ,Technology,26718724712
AGNCP,NASDAQ,Real Estate,26610496080
AGNCL,NASDAQ,Real Estate,26577232960
STZ,NYSE,Consumer Staples,26538250703
DOW,NYSE,Industrials,26413629086
FICO,NYSE,Real Estate,26379961893
AER,NYSE,Consumer Discretionary,26371352317
ROL,NYSE,Consumer Discretionary,26360018077
AGNCM,NASDAQ,Real Estate,26249480350
EL,NYSE,Consumer Discretionary,26246914240
ES,NYSE,Utilities,26132526838
BIIB,NASDAQ,Health Care,26012949088
STRD,NASDAQ,Technology,25964507047
GFS,NASDAQ,Technology,25820542765
PBA,NYSE,Energy,25682035417
AWK,NYSE,Utilities,25675702781
FOXA,NASDAQ,Industrials,25608843896
NMR,NYSE,Finance,25379071135
UTHR,NASDAQ,Health Care,25339853215
DXCM,NASDAQ,Health Care,25231739042
CINF,NASDAQ,Finance,25193140884
XPO,NYSE,Consumer Discretionary,25177309966
LPLA,NASDAQ,Finance,25171038312
SYF,NYSE,Finance,25141638860
CTRA,NYSE,Energy,25082574140
WRB,NYSE,Finance,25019734089
ZM,NASDAQ,Technology,24927345221
STRK,NASDAQ,Technology,24846509172
VRSN,NASDAQ,Technology,24672802000
PAAS,NYSE,Basic Materials,24549412212
PPG,NYSE,Consumer Discretionary,24530570027
MKL,NYSE,Finance,24328708621
FIS,NYSE,Real Estate,24120388930
CMS,NYSE,Utilities,24029899023
EXE,NASDAQ,Energy,24020594139
UMC,NYSE,Technology,24003529050
TSCO,NASDAQ,Consumer Discretionary,23920137129
CRCL,NYSE,Finance,23895359197
HUM,NYSE,Health Care,23829763079
BG,NYSE,Consumer Staples,23790227828
RF,NYSE,Finance,23782272388
WWD,NASDAQ,Energy,23711615736
VRSK,NASDAQ,Industrials,23690136930
AVB,NYSE,Real Estate,23643345671
FITBM,NASDAQ,Finance,23639735115
SOJC,NYSE,Utilities,23596016880
ULTA,NASDAQ,Consumer Discretionary,23574262253
WIT,NYSE,Technology,23509945430
EDU,NYSE,Real Estate,23231300448
SQM,NYSE,Industrials,23230922925
PHM,NYSE,Consumer Discretionary,23222532993
FCNCA,NASDAQ,Finance,23204953606
ZS,NASDAQ,Technology,23108839835
FOX,NASDAQ,Industrials,23069229310
TSEM,NASDAQ,Technology,23041980530
BEP,NYSE,Utilities,23020731492
EQR,NYSE,Real Estate,23015271704
RGLD,NASDAQ,Industrials,23004970898
BNTX,NASDAQ,Health Care,23000038490
BNH,NYSE,Real Estate,22993903701
STLA,NYSE,Industrials,22948066912
KEY,NYSE,Finance,22902010346
FITBI,NASDAQ,Finance,22892645229
BRO,NYSE,Finance,22796306288
WSM,NYSE,Consumer Discretionary,22743371884
NI,NYSE,Utilities,22721559104
RL,NYSE,Industrials,22714170204
LH,NYSE,Health Care,22646816000
BNJ,NYSE,Real Estate,22586647741
TSN,NYSE,Consumer Staples,22575303300
EFX,NYSE,Finance,22533336374
LYB,NYSE,Industrials,22516459762
L,NYSE,Finance,22449255852
LEN,NYSE,Consumer Discretionary,22439433144
BCE,NYSE,Telecommunications,22422583270
ONON,NYSE,Consumer Discretionary,22308501554
DRI,NYSE,Consumer Discretionary,22296529034
SOJD,NYSE,Utilities,22264959518
FWONK,NASDAQ,Industrials,22259693432
SBS,NYSE,Utilities,22218657734
CHD,NYSE,Consumer Discretionary,22176246300
SW,NYSE,Consumer Discretionary,22139235229
VLTO,NYSE,Industrials,22083670972
OMC,NYSE,Consumer Discretionary,21958400601
STE,NYSE,Health Care,21908979835
DGX,NYSE,Health Care,21872933277
FN,NYSE,Utilities,21753259981
FSLR,NASDAQ,Technology,21664759485
SBAC,NASDAQ,Real Estate,21660214212
FUTU,NASDAQ,Finance,21655445817
IHG,NYSE,Consumer Discretionary,21568761679
ATI,NYSE,Industrials,21505449196
BURL,NYSE,Consumer Discretionary,21438945071
KOF,NYSE,Consumer Staples,21429182327
DLTR,NASDAQ,Consumer Discretionary,21425599875
ALAB,NASDAQ,Technology,21358722581
JBHT,NASDAQ,Industrials,21285445655
SOFI,NASDAQ,Finance,21284153657
FITBP,NASDAQ,Finance,21144998235
PSTG,NYSE,Technology,21101582685
CPAY,NYSE,Real Estate,21028902470
MDB,NASDAQ,Technology,21017836853
CRS,NYSE,Industrials,20922073529
TWLO,NYSE,Technology,20890750182
ALB,NYSE,Industrials,20814108769
BWXT,NYSE,Industrials,20744603165
PKX,NYSE,Industrials,20609824599
NVT,NYSE,Industrials,20522748109
FWONA,NASDAQ,Industrials,20492042836
MRNA,NASDAQ,Health Care,20463882079
CRDO,NASDAQ,Technology,20457342845
LUV,NYSE,Consumer Discretionary,20416474223
ROIV,NASDAQ,Health Care,20340226314
PFG,NASDAQ,Finance,20337472172
USFD,NYSE,Consumer Discretionary,20312946868
LDOS,NYSE,Technology,20310060273
AGI,NYSE,Basic Materials,20276043687
CHRW,NASDAQ,Industrials,20164794916
TROW,NASDAQ,Finance,19980572912
AQNB,NYSE,Utilities,19945609276
LI,NASDAQ,Industrials,19842397425
NTAP,NASDAQ,Technology,19776452688
ILMN,NASDAQ,Health Care,19760796000
SNA,NYSE,Consumer Discretionary,19728691850
AS,NYSE,Consumer Discretionary,19674505413
ENTG,NASDAQ,Industrials,19615748663
ZTO,NYSE,Industrials,19508360883
IP,NYSE,Basic Materials,19490387427
GIS,NYSE,Consumer Staples,19484701269
TU,NYSE,Telecommunications,19397770000
DD,NYSE,Industrials,19347170910
BCH,NYSE,Finance,19304364217
SOJE,NYSE,Basic Materials,19275302629
AMCR,NYSE,Consumer Discretionary,19267305273
EXPD,NYSE,Industrials,19255419294
JBS,NYSE,Consumer Staples,19184759001
RVMD,NASDAQ,Health Care,19151477086
WST,NYSE,Health Care,19143433984
FLUT,NYSE,Technology,19128025838
EVRG,NASDAQ,Utilities,19069830379
KEP,NYSE,Utilities,19002136679
BR,NYSE,Real Estate,18933722855
NVR,NYSE,Consumer Discretionary,18891181419
APG,NYSE,Consumer Discretionary,18889235608
INCY,NASDAQ,Health Care,18826770376
TLK,NYSE,Telecommunications,18752378540
RBA,NYSE,Real Estate,18693613841
IFF,NYSE,Industrials,18689455561
LNT,NASDAQ,Utilities,18673389721
PKG,NYSE,Consumer Discretionary,18670052233
RIVN,NASDAQ,Industrials,18621051784
DKS,NYSE,Consumer Discretionary,18584555861
ITT,NYSE,Industrials,18579657892
DUKB,NYSE,Utilities,18550324180
RBC,NYSE,Industrials,18431640936
CF,NYSE,Industrials,18358700027
MTSI,NASDAQ,Technology,18305171039
IOT,NYSE,Technology,18304177681
GPN,NYSE,Real Estate,18292650644
CNC,NYSE,Health Care,18173452479
AA,NYSE,Industrials,18156378075
BEKE,NYSE,Finance,18119340264
FTV,NYSE,Industrials,18071334453
GMAB,NASDAQ,Health Care,18009237683
WY,NYSE,Real Estate,18008039160
RCI,NYSE,Telecommunications,17984066215
ZBH,NYSE,Health Care,17982567718
CG,NASDAQ,Finance,17823792156
LULU,NASDAQ,Consumer Discretionary,17803177605
THC,NYSE,Health Care,17699144575
FFIV,NASDAQ,Telecommunications,17694488798
YUMC,NYSE,Consumer Discretionary,17461525430
FITBO,NASDAQ,Finance,17454736424
PTC,NASDAQ,Technology,17440665742
CX,NYSE,Industrials,17416168803
TEAM,NASDAQ,Technology,17298973814
HPQ,NYSE,Technology,17286477687
WF,NYSE,Finance,17262116221
BPYPM,NASDAQ,Finance,17205056448
ULS,NYSE,Health Care,17163507180
NXT,NASDAQ,Industrials,17129658007
MKSI,NASDAQ,Industrials,17101730943
PR,NYSE,Energy,17062112129
XPEV,NYSE,Industrials,17032769914
SSNC,NASDAQ,Technology,16972992062
CSGP,NASDAQ,Real Estate,16959649360
AFRM,NASDAQ,Finance,16932014390
BIP,NYSE,Consumer Discretionary,16890728744
SGI,NYSE,Consumer Discretionary,16886145295
AKAM,NASDAQ,Real Estate,16771649628
BPYPP,NASDAQ,Finance,16758036854
YPF,NYSE,Energy,16705174257
HTHT,NASDAQ,Consumer Discretionary,16657583492
LII,NYSE,Industrials,16578018626
BSAC,NYSE,Finance,16418133240
BALL,NYSE,Industrials,16339136231
CDW,NASDAQ,Technology,16331743020
MGA,NYSE,Consumer Discretionary,16317045480
ESS,NYSE,Real Estate,16310134552
VNOM,NASDAQ,Energy,16262862639
SN,NYSE,Consumer Discretionary,16261996571
RS,NYSE,Industrials,16256712868
SNX,NYSE,Technology,16178064338
CLH,NYSE,Industrials,16115615933
GFL,NYSE,Utilities,16099526454
HII,NYSE,Industrials,16053088187
EMA,NYSE,Utilities,16046880000
WSO,NYSE,Consumer Discretionary,16042200259
TOST,NYSE,Technology,15979570000
WES,NYSE,Utilities,15969119460
OVV,NYSE,Energy,15963119985
TXT,NYSE,Industrials,15939346234
NWS,NASDAQ,Consumer Discretionary,15894920077
SUI,NYSE,Real Estate,15880506410
GIB,NYSE,Consumer Discretionary,15868460788
CHKP,NASDAQ,Technology,15852076774
VTRS,NASDAQ,Health Care,15841946467
EWBC,NASDAQ,Finance,15800459317
TRMB,NASDAQ,Industrials,15736431276
INVH,NYSE,Finance,15728255060
BPYPO,NASDAQ,Finance,15708060600
WPC,NYSE,Real Estate,15688986289
NLY,NYSE,Real Estate,15647186724
J,NYSE,Industrials,15463621467
TLN,NASDAQ,Utilities,15440657681
KIM,NYSE,Real Estate,15388941711
NDSN,NASDAQ,Industrials,15308134963
SMMT,NASDAQ,Health Care,15272023888
LTM,NYSE,Consumer Discretionary,15255483155
ROKU,NASDAQ,Telecommunications,15178426987
NVMI,NASDAQ,Technology,15165880749
GRAB,NASDAQ,Real Estate,15151280188
PAA,NASDAQ,Energy,15126599284
JLL,NYSE,Finance,15062279733
DECK,NYSE,Consumer Discretionary,15001272935
MEDP,NASDAQ,Health Care,14970124044
WLK,NYSE,Industrials,14924928672
GPC,NYSE,Consumer Discretionary,14917368030
AEG,NYSE,Finance,14908903483
SLMBP,NASDAQ,Finance,14863578496
APOS,NYSE,Finance,14756632962
TPG,NASDAQ,Finance,14747787722
PNR,NYSE,Industrials,14726055150
KSPI,NASDAQ,Unknown,14703636892
IEX,NYSE,Industrials,14683955680
H,NYSE,Consumer Discretionary,14676421167
QXO,NYSE,Consumer Discretionary,14666428985
MAA,NYSE,Real Estate,14633623918
WMG,NASDAQ,Consumer Discretionary,14599575396
GGG,NYSE,Industrials,14562997640
KKRS,NYSE,Finance,14541195081
TME,NYSE,Consumer Discretionary,14520979725
WCC,NYSE,Consumer Discretionary,14498087646
BNT,NYSE,Finance,14480602087
NIO,NYSE,Industrials,14385569780
PODD,NASDAQ,Health Care,14381917575
BPYPN,NASDAQ,Finance,14356709973
BBIO,NASDAQ,Health Care,14353606969
LSCC,NASDAQ,Technology,14251529086
REG,NASDAQ,Real Estate,14183468596
OKTA,NASDAQ,Technology,14180221069
VLYPN,NASDAQ,Finance,14168922872
RGC,NASDAQ,Health Care,14167107214
CSL,NYSE,Industrials,14142657148
CNH,NYSE,Industrials,14131265618
TYL,NYSE,Technology,14070005254
KTOS,NASDAQ,Industrials,14066882127
SNN,NYSE,Health Care,14028943570
COO,NASDAQ,Health Care,13979946617
TRU,NYSE,Finance,13976609313
ASND,NASDAQ,Health Care,13940578381
RPM,NYSE,Consumer Discretionary,13937195824
RGA,NYSE,Finance,13926601393
LOGI,NASDAQ,Technology,13911290975
PNFP,NYSE,Finance,13907376000
VLYPP,NASDAQ,Finance,13891209762
LECO,NASDAQ,Industrials,13877812994
PFGC,NYSE,Consumer Discretionary,13873410129
AEIS,NASDAQ,Technology,13811603461
SMCI,NASDAQ,Technology,13801555006
NWSA,NASDAQ,Consumer Discretionary,13795591010
MKC,NYSE,Consumer Staples,13735876842
VLYPO,NASDAQ,Finance,13719027634
BBY,NYSE,Consumer Discretionary,13698964919
DTM,NYSE,Utilities,13669891812
NYT,NYSE,Consumer Discretionary,13580784349
SREA,NYSE,Utilities,13561984643
RRX,NYSE,Consumer Discretionary,13554728489
TIGO,NASDAQ,Telecommunications,13495413776
APA,NASDAQ,Energy,13483608839
OHI,NYSE,Real Estate,13439567900
HST,NASDAQ,Real Estate,13434169243
LAMR,NASDAQ,Real Estate,13427309574
AVY,NYSE,Consumer Discretionary,13412791866
COKE,NASDAQ,Consumer Staples,13412705241
TOL,NYSE,Consumer Discretionary,13411931805
HL,NYSE,Industrials,13366775032
EG,NYSE,Finance,13346117595
OWL,NYSE,Finance,13330434243
PAYP,NASDAQ,Real Estate,13271044528
FMS,NYSE,Health Care,13199192705
RNR,NYSE,Finance,13192550644
SUN,NYSE,Energy,13157812304
SKM,NYSE,Telecommunications,13137615000
GLPI,NASDAQ,Real Estate,13127332330
MLI,NYSE,Industrials,13117109374
NBIX,NASDAQ,Health Care,13107468268
ARCC,NASDAQ,Finance,13096736693
HAS,NASDAQ,Consumer Discretionary,13061265773
APTV,NYSE,Consumer Discretionary,13042117677
TIMB,NYSE,Telecommunications,13032301849
BEN,NYSE,Finance,13006067114
PEN,NYSE,Health Care,13001615889
AMKR,NASDAQ,Technology,12991504152
ALGN,NASDAQ,Health Care,12986360476
CLX,NYSE,Consumer Discretionary,12961751714
CDE,NYSE,Basic Materials,12929905922
EVR,NYSE,Finance,12897217100
SOLS,NASDAQ,Industrials,12886257341
ALLY,NYSE,Finance,12858665869
CACI,NYSE,Technology,12855687330
FNF,NYSE,Finance,12831585690
FIVE,NASDAQ,Consumer Discretionary,12761525501
PAC,NYSE,Consumer Discretionary,12748150316
DRS,NASDAQ,Industrials,12695935909
MAS,NYSE,Industrials,12690208727
PL,NYSE,Technology,12658669917
STRL,NASDAQ,Industrials,12640769215
CNA,NYSE,Finance,12634878947
GMED,NYSE,Health Care,12606260618
UNM,NYSE,Finance,12604131371
DPZ,NASDAQ,Consumer Discretionary,12577207478
GH,NASDAQ,Health Care,12569407509
IONS,NASDAQ,Health Care,12405094066
CET,AMEX,Finance,12389269988
ALLE,NYSE,Consumer Discretionary,12385997690
PNW,NYSE,Utilities,12367913942
ELS,NYSE,Real Estate,12356095186
BJ,NYSE,Consumer Discretionary,12298527606
IREN,NASDAQ,Technology,12281082956
PSKY,NASDAQ,Industrials,12273621843
PINS,NYSE,Technology,12268481901
HUBS,NYSE,Technology,12219982191
JHX,NYSE,Industrials,12186799800
CRBG,NYSE,Finance,12179427754
EQX,AMEX,Basic Materials,12148828943
GWRE,NYSE,Technology,12133108600
MOD,NYSE,Consumer Discretionary,12128175310
EMBJ,NYSE,Industrials,12112657049
SF,NYSE,Finance,11965100264
ENSG,NASDAQ,Health Care,11955003305
AR,NYSE,Energy,11921220885
GEN,NASDAQ,Technology,11913406435
CCK,NYSE,Industrials,11902137650
JAZZ,NASDAQ,Health Care,11892228413
KRMN,NYSE,Industrials,11870380601
ELAN,NYSE,Health Care,11869887838
DOC,NYSE,Real Estate,11798505520
GNRC,NYSE,Consumer Discretionary,11792961090
HRL,NYSE,Consumer Staples,11776082030
SUZ,NYSE,Basic Materials,11768934996
DKNG,NASDAQ,Consumer Discretionary,11763976739
IAG,NYSE,Basic Materials,11749239334
ONTO,NYSE,Industrials,11723812588
MDGL,NASDAQ,Health Care,11684473210
WMS,NYSE,Consumer Discretionary,11668758633
ERIE,NASDAQ,Finance,11636128475
WBS,NYSE,Finance,11569619740
GL,NYSE,Finance,11549933492
EXEL,NASDAQ,Health Care,11541454139
FHN,NYSE,Finance,11503621632
SCI,NYSE,Consumer Discretionary,11495822446
JKHY,NASDAQ,Technology,11490488333
ARMK,NYSE,Consumer Discretionary,11483304796
UDR,NYSE,Real Estate,11464951659
AGNC,NASDAQ,Real Estate,11459144874
UHS,NYSE,Health Care,11383495364
BWA,NYSE,Consumer Discretionary,11368412293
SFD,NASDAQ,Consumer Staples,11300666993
SOLV,NYSE,Health Care,11288682035
GDDY,NYSE,Technology,11236417898
DT,NYSE,Technology,11233628209
ACM,NYSE,Consumer Discretionary,11231949210
CHWY,NYSE,Consumer Discretionary,11179442944
SWK,NYSE,Consumer Discretionary,11175026464
WYNN,NASDAQ,Consumer Discretionary,11169058561
AIZ,NYSE,Finance,11137380528
WTRG,NYSE,Utilities,11132418774
EQH,NYSE,Finance,11124202331
DY,NYSE,Industrials,11097316409
FIG,NYSE,Technology,11086467295
BMRN,NASDAQ,Health Care,11018686046
RDY,NYSE,Health Care,10985604880
TXRH,NASDAQ,Consumer Discretionary,10969284877
KT,NYSE,Telecommunications,10934649438
AFG,NYSE,Finance,10883473782
IT,NYSE,Consumer Discretionary,10871537119
RBRK,NYSE,Technology,10863240099
NVAWW,NASDAQ,Basic Materials,10838207718
ZBRA,NASDAQ,Industrials,10828871557
EHC,NYSE,Health Care,10815484264
BLD,NYSE,Consumer Discretionary,10797037456
CR,NYSE,Industrials,10792617462
AMH,NYSE,Real Estate,10782907097
NTNX,NASDAQ,Technology,10775567501
AG,NYSE,Basic Materials,10762721332
FLS,NYSE,Industrials,10718840265
HMY,NYSE,Basic Materials,10718053020
CPT,NYSE,Real Estate,10707238485
BIPJ,NYSE,Utilities,10693953271
IONQ,NYSE,Technology,10687578037
IVZ,NYSE,Finance,10679598722
GIL,NYSE,Consumer Discretionary,10673630351
BSY,NASDAQ,Technology,10640694956
ASR,NYSE,Consumer Discretionary,10638000000
AIT,NYSE,Consumer Discretionary,10628397717
TTMI,NASDAQ,Technology,10579024268
SPXC,NYSE,Industrials,10577764884
DINO,NYSE,Energy,10557714775
AM,NYSE,Utilities,10516590630
GME,NYSE,Consumer Discretionary,10509913680
RMBS,NASDAQ,Technology,10503128926
SAIA,NASDAQ,Industrials,10501457657
XP,NASDAQ,Finance,10397270836
EGP,NYSE,Real Estate,10393503394
ZG,NASDAQ,Real Estate,10364898931
Z,NASDAQ,Real Estate,10345704674
HLI,NYSE,Finance,10345147187
ALSN,NYSE,Consumer Discretionary,10329245958
IESC,NASDAQ,Industrials,10303971163
DCI,NYSE,Industrials,10275039639
AES,NYSE,Utilities,10271796729
CAVA,NYSE,Consumer Discretionary,10256372429
CNM,NYSE,Consumer Discretionary,10244430026
KNX,NYSE,Industrials,10202353671
SITM,NASDAQ,Technology,10200948031
BILI,NASDAQ,Technology,10180061232
RVTY,NYSE,Industrials,10164599474
DVA,NYSE,Health Care,10111516000
BAH,NYSE,Consumer Discretionary,10110633574
SJM,NYSE,Consumer Staples,10105461467
PAG,NYSE,Consumer Discretionary,10103359270
OGE,NYSE,Utilities,10099914636
STN,NYSE,Consumer Discretionary,10094929058
U,NYSE,Technology,10002865892
WTS,NYSE,Industrials,10002818297
RRC,NYSE,Energy,9998690085
TTD,NASDAQ,Technology,9995517987
W,NYSE,Consumer Discretionary,9963570929
TFII,NYSE,Industrials,9937810341
GTLS,NYSE,Industrials,9931631892
ENLT,NASDAQ,Utilities,9926325411
ORI,NYSE,Finance,9916418776
WTFC,NASDAQ,Finance,9844363068
MGM,NYSE,Consumer Discretionary,9820673430
UHAL,NYSE,Consumer Discretionary,9803894000
CART,NASDAQ,Real Estate,9788220763
OSK,NYSE,Industrials,9784235843
KLAR,NYSE,Finance,9780232756
GSAT,NASDAQ,Consumer Discretionary,9699628634
ONBPP,NASDAQ,Finance,9696511169
AVAV,NASDAQ,Industrials,9682201243
ONBPO,NASDAQ,Finance,9667537530
BMNR,AMEX,Finance,9622615151
CIB,NYSE,Finance,9608568539
SSB,NYSE,Finance,9606615354
DAR,NYSE,Consumer Staples,9603117810
ENJ,NYSE,Utilities,9595910212
BVN,NYSE,Basic Materials,9585464361
HBM,NYSE,Basic Materials,9581825205
FRHC,NASDAQ,Finance,9552454419
SEIC,NASDAQ,Finance,9539021740
BPOP,NASDAQ,Finance,9506555374
MP,NYSE,Basic Materials,9505208575
NCLH,NYSE,Consumer Discretionary,9482182517
TTC,NYSE,Consumer Discretionary,9470348336
BLDR,NYSE,Consumer Discretionary,9453769008
CELH,NASDAQ,Consumer Staples,9443867743
FPS,NYSE,Energy,9419029826
VIAV,NASDAQ,Technology,9410743495
EMP,NYSE,Utilities,9363299931
ABVX,NASDAQ,Health Care,9345432583
GAP,NYSE,Consumer Discretionary,9345402086
AAOI,NASDAQ,Technology,9341084250
MASI,NASDAQ,Health Care,9323674988
FRT,NYSE,Real Estate,9321288183
DOCU,NASDAQ,Technology,9313097751
VIPS,NYSE,Consumer Discretionary,9311083000
SBSW,NYSE,Basic Materials,9305489880
EAI,NYSE,Utilities,9293086506
DDS,NYSE,Consumer Discretionary,9274431869
